{
  "FAISS Flat (exact)": {
    "recall": 1.0,
    "qps": 2995,
    "build": 0.025142908096313477
  },
  "FAISS Binary Flat": {
    "recall": 0.062,
    "qps": 11896,
    "build": 0
  },
  "FAISS IVF (nprobe=10)": {
    "recall": 0.188,
    "qps": 3732,
    "build": 0.16150784492492676
  },
  "FAISS HNSW (M=32, ef=64)": {
    "recall": 0.094,
    "qps": 4439,
    "build": 23.810638189315796
  },
  "FAISS PQ (m=48, nbits=8)": {
    "recall": 0.066,
    "qps": 5303,
    "build": 16.87985897064209
  },
  "hnswlib (M=32, ef=64)": {
    "recall": 0.111,
    "qps": 3265,
    "build": 222.1564929485321
  },
  "Annoy (n_trees=10)": {
    "recall": 0.017,
    "qps": 1497,
    "build": 4.384722948074341
  },
  "USearch (HNSW)": {
    "recall": 0.058,
    "qps": 5062,
    "build": 28.102322101593018
  },
  "PyNNDescent": {
    "recall": 0.026,
    "qps": 1524,
    "build": 19.3645498752594
  },
  "Voyager (HNSW)": {
    "recall": 0.008,
    "qps": 54113,
    "build": 19.0734441280365
  },
  "sklearn BallTree": {
    "recall": 1.0,
    "qps": 13,
    "build": 2.4652159214019775
  },
  "nmslib HNSW": {
    "recall": 0.121,
    "qps": 4550,
    "build": 201.59033298492432
  },
  "bitcache flat (binary)": {
    "recall": 0.063,
    "qps": 66,
    "build": 0.1307680606842041
  },
  "bitcache two-stage rf=100": {
    "recall": 0.575,
    "qps": 73,
    "build": 0.1069340705871582
  }
}