{
  "FAISS FlatIP": {
    "r": 1.0,
    "rs": 0,
    "l": 0.2139750528335571,
    "ls": 0.0012888418239647462,
    "q": 4673.4420053063905
  },
  "FAISS HNSW": {
    "r": 0.97703,
    "rs": 0.05890143546637892,
    "l": 0.025146074295043945,
    "ls": 0.0004163971514873745,
    "q": 39767.638807823394
  },
  "FAISS IVF": {
    "r": 0.9845800000000001,
    "rs": 0.05079590140946413,
    "l": 0.2643700933456421,
    "ls": 0.0006693515221810261,
    "q": 3782.576112694345
  },
  "FAISS BinaryFlat": {
    "r": 0.025140000000000003,
    "rs": 0.07169365662316297,
    "l": 0.22792686939239504,
    "ls": 0.006367725220749077,
    "q": 4387.372154348406
  },
  "hnswlib": {
    "r": 0.9811200000000001,
    "rs": 0.052245053354360735,
    "l": 0.039745106697082526,
    "ls": 0.0003933646857041504,
    "q": 25160.329990343307
  },
  "Annoy": {
    "r": 0.46842000000000006,
    "rs": 0.25834222186859046,
    "l": 0.2323594093322754,
    "ls": 0,
    "q": 4303.677664156883
  },
  "Bitcache rf=10 (100K)": {
    "r": 0.11230000000000001,
    "rs": 0.16315241340537995,
    "l": 3.3400533199310303,
    "ls": 0.021326916954150066,
    "q": 299.39641802504195
  },
  "Bitcache rf=100 (100K)": {
    "r": 0.3022,
    "rs": 0.26656173768941405,
    "l": 3.4118617375691733,
    "ls": 0.0024458264679842567,
    "q": 293.0951125564846
  },
  "Bitcache rf=500 (100K)": {
    "r": 0.5333,
    "rs": 0.2971213725062537,
    "l": 3.992591381072998,
    "ls": 0.03710209894331949,
    "q": 250.46389789361632
  },
  "Bitcache ThreeStage (100K)": {
    "r": 0.3907,
    "rs": 0.2884155162261559,
    "l": 3.964024384816488,
    "ls": 0.0038750324652727266,
    "q": 252.26888205590453
  }
}